first_name,Last_name,Fullname
Salma,shaik,Salma shaik
khalid,shaik,khalid shaik
John,Doe,John Doe
Taaha,khan,Taaha khan
Uzair,khan,Uzair khan
Mujeeb,shaik,Mujeeb shaik
Waseem,shaik,Waseem shaik
Firoz,khan,Firoz khan
Huzaif,khan,Huzaif khan
